{"type":"Topology","transform":{"scale":[0.00005017692505167952,0.000025983175824090684],"translate":[-0.185891083694433,51.60563458470613]},"arcs":[[[1979,412],[-2,-23],[-76,-12],[-14,-31],[-64,-31],[-29,-25],[-29,-51],[95,1],[6,-48],[57,-53],[-6,-17]],[[1917,122],[-35,-1],[-20,12],[0,-10],[-22,6],[-32,-13],[-13,25],[-37,-15],[4,-15],[-32,-2],[-54,1],[-15,-17],[-19,15],[-138,-4],[-8,11],[-129,-7],[-4,-9],[-25,17],[-9,-11],[-86,13],[-27,48],[-10,3],[-19,-28],[-31,5],[-147,69]],[[1009,215],[48,65],[92,-50],[47,100],[130,-66],[73,0]],[[1399,264],[144,-6],[228,138],[208,16]],[[1835,1137],[33,7],[27,44],[105,-26],[44,8],[33,25],[27,52],[28,123],[44,52],[16,44],[-11,62],[-64,74],[38,10],[15,47],[20,-28],[21,11]],[[2211,1642],[46,-105],[34,-9],[10,-17],[72,7],[-4,-73],[60,-26],[17,-2],[6,11],[38,-12]],[[2490,1416],[-20,-52],[-161,-267]],[[2309,1097],[-50,-65],[-83,-61],[-29,-36],[-45,-130],[-46,-182]],[[2056,623],[-144,63],[18,60]],[[1930,746],[8,50],[-25,139],[37,50],[4,25],[-59,-15],[-81,9],[21,133]],[[2438,2152],[-43,55],[10,46],[-14,5],[21,75],[-60,66],[-59,-45],[-23,4],[-20,-13],[-98,-154],[-22,-56],[-69,27],[-14,12],[9,19],[-77,9],[2,38],[-182,12]],[[1799,2252],[-64,121],[-35,112],[-36,17],[-99,80],[-52,-211],[-20,20],[-44,-92],[-280,54]],[[1169,2353],[-97,4],[-132,63],[-66,-34],[-71,-18],[-137,-10],[28,200],[50,7],[-7,334],[32,-3],[-1,7],[-25,17],[-84,-5],[-32,8],[-181,167]],[[446,3090],[0,84],[109,-33],[95,-54],[77,-13],[94,32],[101,61],[84,31],[102,7],[161,-14],[79,15],[106,73],[66,25],[-3,7],[79,8],[125,-29],[94,-39],[217,-6],[98,-40],[252,-195],[86,-32],[108,-1],[98,21],[50,28],[5,-8]],[[2729,3018],[-27,-71],[-128,-662]],[[2574,2285],[-39,-191],[-51,8],[-46,50]],[[1169,2353],[9,-133],[29,7],[7,-70],[77,-3],[2,-47],[-105,-42],[23,-300],[-54,-56],[55,-87],[17,-56],[20,-19],[4,9],[19,-2],[21,-12],[42,17]],[[1335,1559],[27,-69],[-2,-21],[31,-2],[-1,-16],[-211,-57],[-11,57],[-66,-28],[-42,-55],[-36,-98],[-25,-37],[-53,-45]],[[946,1188],[-78,108],[-55,128],[-56,-21],[-23,80],[-2,42],[-43,1],[-17,21],[22,53],[-26,17],[2,13],[47,31],[-22,49],[-25,-9],[-6,63],[-19,47],[-11,-5],[-3,16],[15,13],[-6,52],[-19,14],[-1,19],[-114,47],[-60,55],[-31,2],[-209,90],[-206,87],[75,222],[107,135],[-5,22],[12,-1],[19,-2],[-5,22],[7,11],[7,-9],[50,-5],[177,359],[2,135]],[[2274,351],[-23,42],[23,84],[-8,105],[30,148],[-22,6],[16,98],[196,-82],[-2,46]],[[2484,798],[53,-1],[14,-13],[23,42],[28,-12],[-6,-52],[-15,-29],[13,-7],[-1,-31],[67,-2],[-10,-57],[76,-20],[4,16],[149,-47],[24,41],[8,-1],[114,-41],[-4,-24],[8,-24],[49,-22],[30,11],[65,106],[13,-10]],[[3186,621],[-127,-198],[-59,-140]],[[3000,283],[-74,2],[-100,-57],[-45,-10],[-46,14],[-53,44],[-36,15],[-219,55],[-153,5]],[[2798,2197],[82,222]],[[2880,2419],[82,-21],[23,8],[-2,34],[145,-37],[-5,-67],[84,-16],[33,28],[19,-37],[5,-42],[35,-41],[61,-9],[0,-16],[115,-30],[5,6],[28,-18]],[[3508,2161],[15,-30],[3,-31],[-56,-276],[-2,-161]],[[3468,1663],[-167,57],[-57,-107],[-38,0],[-74,15],[3,18],[-31,6],[11,67],[-110,14],[-39,29],[-61,19],[-26,-20],[-1,-11],[-66,10],[-54,-23],[-6,23],[-79,-9]],[[2673,1751],[48,342],[52,-5],[25,109]],[[2880,2419],[6,61],[19,66],[111,231],[23,181]],[[3039,2958],[100,-6],[171,-46],[157,-10],[17,-1],[14,-162],[-20,-182],[0,-47],[16,-60],[-13,-59],[-6,-143],[33,-81]],[[1835,1137],[-123,27],[32,155],[-32,22],[-19,-16],[-146,-36],[-48,-31]],[[1499,1258],[-23,149],[45,70]],[[1521,1477],[21,-20],[40,25],[-23,61],[62,19],[174,102],[-16,34],[-32,27],[25,59],[-6,71],[133,-9]],[[1899,1846],[45,-3],[43,-47],[90,-8],[41,9]],[[2118,1797],[44,-60],[49,-95]],[[2274,351],[-63,-19],[-39,-1],[-123,63],[-70,18]],[[1979,412],[14,65],[63,146]],[[2309,1097],[13,-11],[51,-8],[-3,-15],[9,-9],[38,-13]],[[2417,1041],[67,-243]],[[1799,2252],[58,-107],[31,-95],[15,-96],[-4,-108]],[[1521,1477],[12,121],[-5,25],[-78,8],[-115,-72]],[[2490,1416],[10,98],[131,-24]],[[2631,1490],[-24,-58],[-35,-50],[24,-15],[163,-35],[323,-108],[29,-1],[0,59],[13,30],[20,14],[24,1],[160,-107],[10,16],[72,-39]],[[3410,1197],[-41,-124],[-122,-296]],[[3247,777],[-189,4],[-21,8],[-4,30],[-16,16],[-73,28],[-70,8],[-33,19],[8,89],[-128,37],[-47,35],[0,23],[-32,16],[-41,-106],[-10,5],[4,11],[-59,34],[-79,5],[-5,-14],[-15,15],[-20,1]],[[3247,777],[-30,-65],[-15,-63],[-16,-28]],[[1471,503],[29,-20],[54,119],[32,-22],[39,97],[73,63],[24,34],[13,42],[93,-40],[25,-24],[77,-6]],[[1399,264],[31,66],[-43,-13],[19,45],[-12,6],[70,140],[7,-5]],[[2631,1490],[42,261]],[[3468,1663],[-8,-101],[-20,-245],[-30,-120]],[[2574,2285],[56,16],[24,-101],[-3,-28],[54,35],[93,-10]],[[2118,1797],[117,-5],[32,38],[14,-5],[25,28],[91,229],[41,70]],[[1499,1258],[24,-42],[-9,-12],[-139,-76],[-7,-37],[-14,-16],[22,-36],[3,-26],[-28,-34],[-28,-62],[31,-21]],[[1354,896],[-50,-44],[-48,-81],[-35,-14],[11,-20],[-70,6],[-74,-26],[-45,1],[-13,-12]],[[1030,706],[13,92],[61,116],[-13,11],[19,52],[8,-2],[13,50],[-44,12],[-39,27],[-14,29],[-9,-2],[-2,28],[-77,69]],[[1354,896],[110,-77],[-25,-87],[11,-6],[-12,-9],[10,-18],[-62,-132],[44,-14],[48,-40],[-7,-10]],[[1009,215],[-70,-40],[-115,204],[49,26],[16,53],[13,8],[103,152],[-2,27],[10,-2],[17,63]],[[2729,3018],[12,1],[23,-24],[58,-1],[13,-3],[-1,-10],[205,-23]],[[3000,283],[-4,-38],[27,-65],[4,-32],[-25,-48],[-123,-100],[-175,66],[-54,29],[0,16],[-29,13],[-213,-10],[-41,13],[-8,-11],[-67,5],[-94,-12],[-204,0],[-77,13]]],"objects":{"E09000010":{"type":"GeometryCollection","geometries":[{"arcs":[[0,1,2,3]],"type":"Polygon","properties":{"WD13CD":"E05000193","WD13CDO":"00AKGL","WD13NM":"Bowes","WD13NMW":null},"id":"E05000193"},{"arcs":[[4,5,6,7,8,9]],"type":"Polygon","properties":{"WD13CD":"E05000194","WD13CDO":"00AKGM","WD13NM":"Bush Hill Park","WD13NMW":null},"id":"E05000194"},{"arcs":[[10,11,12,13,14,15]],"type":"Polygon","properties":{"WD13CD":"E05000195","WD13CDO":"00AKGN","WD13NM":"Chase","WD13NMW":null},"id":"E05000195"},{"arcs":[[-13,16,17,18]],"type":"Polygon","properties":{"WD13CD":"E05000196","WD13CDO":"00AKGP","WD13NM":"Cockfosters","WD13NMW":null},"id":"E05000196"},{"arcs":[[19,20,21,22]],"type":"Polygon","properties":{"WD13CD":"E05000197","WD13CDO":"00AKGQ","WD13NM":"Edmonton Green","WD13NMW":null},"id":"E05000197"},{"arcs":[[23,24,25,26,27]],"type":"Polygon","properties":{"WD13CD":"E05000198","WD13CDO":"00AKGR","WD13NM":"Enfield Highway","WD13NMW":null},"id":"E05000198"},{"arcs":[[28,29,-25]],"type":"Polygon","properties":{"WD13CD":"E05000199","WD13CDO":"00AKGS","WD13NM":"Enfield Lock","WD13NMW":null},"id":"E05000199"},{"arcs":[[30,31,32,33,34,-5]],"type":"Polygon","properties":{"WD13CD":"E05000200","WD13CDO":"00AKGT","WD13NM":"Grange","WD13NMW":null},"id":"E05000200"},{"arcs":[[-20,35,36,-8,37,38]],"type":"Polygon","properties":{"WD13CD":"E05000201","WD13CDO":"00AKGU","WD13NM":"Haselbury","WD13NMW":null},"id":"E05000201"},{"arcs":[[-17,-12,39,-33,40]],"type":"Polygon","properties":{"WD13CD":"E05000202","WD13CDO":"00AKGW","WD13NM":"Highlands","WD13NMW":null},"id":"E05000202"},{"arcs":[[-7,41,42,43,44,-38]],"type":"Polygon","properties":{"WD13CD":"E05000203","WD13CDO":"00AKGX","WD13NM":"Jubilee","WD13NMW":null},"id":"E05000203"},{"arcs":[[-39,-45,45,-21]],"type":"Polygon","properties":{"WD13CD":"E05000204","WD13CDO":"00AKGY","WD13NM":"Lower Edmonton","WD13NMW":null},"id":"E05000204"},{"arcs":[[46,-9,-37,-4,47]],"type":"Polygon","properties":{"WD13CD":"E05000205","WD13CDO":"00AKGZ","WD13NM":"Palmers Green","WD13NMW":null},"id":"E05000205"},{"arcs":[[48,-27,49,-43]],"type":"Polygon","properties":{"WD13CD":"E05000206","WD13CDO":"00AKHA","WD13NM":"Ponders End","WD13NMW":null},"id":"E05000206"},{"arcs":[[-16,50,-28,-49,-42,-6,-35,51]],"type":"Polygon","properties":{"WD13CD":"E05000207","WD13CDO":"00AKHB","WD13NM":"Southbury","WD13NMW":null},"id":"E05000207"},{"arcs":[[-41,-32,52,53,54,-18]],"type":"Polygon","properties":{"WD13CD":"E05000208","WD13CDO":"00AKHC","WD13NM":"Southgate","WD13NMW":null},"id":"E05000208"},{"arcs":[[-54,55,-48,-3,56]],"type":"Polygon","properties":{"WD13CD":"E05000209","WD13CDO":"00AKHD",